timestamp,total_keys,avg_hold_time_ms,avg_delay_ms,backspace_rate,mouse_move_distance,left_clicks,right_clicks,mouse_idle_time,typing_speed_kpm,typing_speed_cps,,Label
15-05-2025 14:48,0,26.57,0,0,6225.65,0,0.02,0,100.72,0.75,,1
15-05-2025 14:49,0,85.52,0,0,1278.72,4.7,0.04,162.3,16.45,0,,1
15-05-2025 14:50,0,22.98,0,0.09,0,1.24,0,0,0,0.54,,1
15-05-2025 14:51,61.84,61.73,0,0,4949.26,0,0.12,155.14,10.22,0.39,,1
15-05-2025 14:52,47.26,0,126.19,0,1326.05,2.82,0,67.14,37.94,0.3,,1
15-05-2025 14:53,30.5,56.69,0,0,0,0,0.54,218.95,5.67,0.1,,1
15-05-2025 14:54,44.71,135.58,4964.36,0.06,4419.03,8.58,0,0,26.11,0.47,,1
15-05-2025 14:55,0,64.04,752.21,0.02,303.42,0,0,43.93,85.71,0.43,,1
15-05-2025 14:56,55.58,45.13,17.55,0,2261.43,2.12,0.18,148.17,71.36,0.55,,1
15-05-2025 14:57,46.27,0,0,0,5646.96,5.09,0,435.35,35.2,0,,1
15-05-2025 14:58,0,0,1851.86,0.04,1954.47,0,0.09,252.03,0,0,,1
15-05-2025 14:59,24.78,0,2631.39,0,0,5.24,0.17,346.59,15.01,0.44,,1
15-05-2025 15:00,0,97,22.27,0,4240.33,0,0,147.74,0,0,,1
15-05-2025 15:01,30.51,0,4005.29,0,915.43,0.97,0,0,0,0,,1
15-05-2025 15:02,31.33,0,3234.72,0.02,1543,8.76,0.24,0,50.38,0.66,,1
15-05-2025 15:03,0,30.39,0,0.04,6780.23,5.21,0.17,95.25,77.09,0.8,,1
15-05-2025 15:04,3.25,8.63,0,0,2485.59,9.76,0,0,15.53,0,,1
15-05-2025 15:05,51.99,46.69,0,0,2991.46,3.28,0,0,0,1.87,,1
15-05-2025 15:06,0,44.04,0,0.02,0,4.32,0,121.45,0,0.49,,1
15-05-2025 15:07,48.01,15.77,1844.5,0,0,2.38,0.05,0,0,0.08,,1
15-05-2025 15:08,6.28,59.14,2562.97,0.01,2738.47,0,0,299.19,1.95,1.51,,1
15-05-2025 15:09,63.69,87.41,0,0.01,2804.92,3.32,0,151.01,131.09,0,,1
15-05-2025 15:10,28.6,0,304.34,0.02,0,2.48,0,413.78,0,0.36,,1
15-05-2025 15:11,0,0,1515.53,0,5020.59,4.87,0,204.84,14.4,0.3,,1
15-05-2025 15:12,22.96,48.76,374.46,0.03,0,0.77,0.04,58.59,55.65,0,,1
15-05-2025 15:13,58.02,27.99,4069.56,0.05,6091.54,0,0.54,242.87,33.55,0.43,,1
15-05-2025 15:14,22,151.63,0,0,6902.86,0.77,0.27,0,0,0.41,,1
15-05-2025 15:15,22.49,0,2231.75,0,11966.78,3.24,0.49,0,47.72,0,,1
15-05-2025 15:16,0,134.17,2727.9,0,9672.1,0,0.02,0,0,0.73,,1
15-05-2025 15:17,66.22,125.04,0,0.06,1685.55,1.17,0.31,610.82,0,0.19,,1
15-05-2025 15:18,0,21.66,1039.43,0.05,0,12.4,0.09,31.05,47.94,0,,1
15-05-2025 15:19,37.11,68.71,0,0,3620.52,0,0,236.7,0,0.23,,1
15-05-2025 15:20,46.23,0,3284.43,0,1002.01,1.81,0,109.94,0,0.64,,1
15-05-2025 15:21,44.4,111.64,0,0,6702.95,0,0.03,45.42,43.79,0.33,,1
15-05-2025 15:22,0,19.49,2074.87,0.01,7747.7,8.76,0,426.61,15.48,0.24,,1
15-05-2025 15:23,0,0,0,0.07,4646.99,7.5,0,389.96,20.6,0,,1
15-05-2025 15:24,4.55,49.02,2365.91,0.02,6862.69,8.37,0.45,19.1,34.44,0.56,,1
15-05-2025 15:25,0,77.94,0,0,7200.46,7.25,0.16,1.1,41.51,0,,1
15-05-2025 15:26,11.31,173.35,2485.1,0.04,0,0,0.31,218.96,29.34,0.96,,1
15-05-2025 15:27,33.3,42.71,0,0.05,0,1.48,0,0,18.31,1.87,,1
15-05-2025 15:28,32.43,157.31,4027.16,0.14,9683.72,0.24,0.02,9.9,0,0,,1
15-05-2025 15:29,44.62,17.32,2597.77,0.04,5172.45,6.78,0.31,70.46,13.75,0.23,,1
15-05-2025 15:30,58.03,0,1472.98,0,10530.52,0,0.06,424.67,0,0.34,,1
15-05-2025 15:31,0,0,0,0.06,6026.03,4.38,0,450.74,25.37,0.31,,1
15-05-2025 15:32,28.22,85.54,3514.29,0.01,3356.53,0.29,0,593.11,2.32,1.32,,1
15-05-2025 15:33,9.61,30.8,0,0,3631.44,5.14,0,530.03,0,0.36,,1
15-05-2025 15:34,19.87,0,2322.78,0,6584.8,3.45,0,37.55,3.75,0,,1
15-05-2025 15:35,0,87.67,128.56,0.08,3048.67,5,0,0,12.01,0,,1
15-05-2025 15:36,67.41,28.52,0,0.02,1308.7,10.19,0,171.32,0,0.59,,1
15-05-2025 15:37,52.79,141.66,0,0,8236.49,0,0.23,0,0,0,,1
15-05-2025 15:38,29.87,0,2119.97,0.02,7678.04,0,0,97.83,73.76,0.82,,1
15-05-2025 15:39,29.32,0,587.6,0,6818.41,0.55,0,0,39.51,0,,1
15-05-2025 15:40,0,0,0,0,2234.62,1.68,0,229.18,35.15,0.6,,1
15-05-2025 15:41,0,21.63,0,0,14918.43,0.69,0,0,22.08,1.13,,1
15-05-2025 15:42,31.61,0,0,0.06,912.03,0.74,0.2,645.13,0,0.63,,1
15-05-2025 15:43,37.47,0,5368.22,0.01,6669.23,0,0,0,83.21,1.39,,1
15-05-2025 15:44,0,9.47,0,0,5256.32,4.38,0,0,54.43,0,,1
15-05-2025 15:45,0,13.45,5425.13,0.02,0,7.46,0,196.99,0,1.23,,1
15-05-2025 15:46,37.06,133.34,0,0,7010.56,4.19,0.13,335.59,63.24,0.92,,1
15-05-2025 15:47,0,40.22,6095.48,0.13,407.32,0,0.03,0,19.76,0.08,,1
15-05-2025 15:48,0,26.94,627.59,0.03,7231.24,3.78,0,300.84,0,0,,1
15-05-2025 15:49,0,167.46,600.86,0.01,6575.95,2.13,0.41,39.65,0,0.85,,1
15-05-2025 15:50,56.24,10.39,2103.75,0.04,3621.2,4.31,0,339.46,30.27,0.3,,1
15-05-2025 15:51,2.51,28.51,1824.49,0.04,0,0,0,42.87,42.47,0,,1
15-05-2025 15:52,14.09,38.79,2880.41,0.04,7473.69,2.35,0.09,440.1,53.65,0.01,,1
15-05-2025 15:53,15.52,0,0,0,8386.63,5.7,0,452.97,0,0.11,,1
15-05-2025 15:54,50.62,50.58,1168.98,0,3098.83,0,0,100.79,74.3,0.05,,1
15-05-2025 15:55,22.54,124.75,2777.47,0.01,2514.73,9.16,0,131.11,7.85,0.05,,1
15-05-2025 15:56,34.7,0,4274.67,0.01,8892.14,1.96,0.02,247.36,8.95,0.54,,1
15-05-2025 15:57,68.82,18.42,0,0.05,1364.86,0,0.01,89.56,20.54,0.18,,1
15-05-2025 15:58,46.08,34.8,7395.77,0,1888.57,13.03,0,537.6,9.12,0.31,,1
15-05-2025 15:59,22.18,0,0,0.05,7985.18,0,0.09,481.59,46.86,0,,1
15-05-2025 16:00,34.01,64.93,0,0.07,0,3.38,0.08,75.94,0,0.44,,1
15-05-2025 16:01,10.11,125.4,0,0,2420.02,0,0.02,0,18.02,0.57,,1
15-05-2025 16:02,20.45,32.27,668.25,0.01,1968.92,4.5,0,215.12,43.38,0,,1
15-05-2025 16:03,0,12.93,6380.44,0,8206.75,2.05,0,49.57,26.39,0.8,,1
15-05-2025 16:04,56.05,0,4140.08,0.02,0,4.32,0.45,0,4.63,0,,1
15-05-2025 16:05,52.55,176.73,2342.02,0.04,3183.06,2.08,0.06,42.47,40.33,0.09,,1
15-05-2025 16:06,47.76,74.26,4051.62,0,5871.14,5.54,0.66,191.12,13.05,0.4,,1
15-05-2025 16:07,41.14,97.51,0,0,0,0,0.27,598.04,67.42,0.64,,1
15-05-2025 16:08,0,31.82,4923.8,0.02,3233.62,0,0.28,185.8,64.57,1.25,,1
15-05-2025 16:09,40.47,49.7,0,0.04,12534.01,0,0.17,0,0,0,,1
15-05-2025 16:10,51.5,104.13,1574.01,0.02,8400.98,0,0,79.93,0,0,,1
15-05-2025 16:11,17.04,14.49,2018.19,0,1326.02,7.47,0.05,104.63,7.31,0,,1
15-05-2025 16:12,13.04,6.73,0,0.01,1881.89,8.66,0.28,458.81,0,0,,1
15-05-2025 16:13,30.93,0,0,0.03,9172.24,3.2,0,0,0.46,0.81,,1
15-05-2025 16:14,0,0,786.67,0.02,0,1.9,0.31,195.18,37.8,0,,1
15-05-2025 16:15,81.1,0,0,0,5079.27,2.59,0.02,0,0,0.78,,1
15-05-2025 16:16,0,0,2057.63,0,0,11.32,0,306.65,79.17,0.35,,1
15-05-2025 16:17,0,45.81,2685.38,0,4083.51,0,0,0,31.04,0,,1
15-05-2025 16:18,9.78,71.57,0,0,6236.6,7.4,0,678.44,17.29,1.86,,1
15-05-2025 16:19,33.44,23.81,3611.61,0.02,1235.86,2.16,0.3,506.92,63.19,0.37,,1
15-05-2025 16:20,62.02,64.83,0,0.03,3415.01,0,0.14,0,0,0.78,,1
15-05-2025 16:21,29.78,35.14,1037.34,0.1,9365.71,0,0,0,0,0.74,,1
15-05-2025 16:22,0,117.61,1966.7,0,620.69,2.77,0.33,54.11,0,0.9,,1
15-05-2025 16:23,34.63,0,0,0.03,751.95,0,0.07,249.59,23.95,0,,1
15-05-2025 16:24,72.51,0,2687.14,0.09,4385.8,3.05,0.04,473.98,22.95,0.27,,1
15-05-2025 16:25,0,0,0,0,4971.58,3.54,0.02,270.34,89.59,0,,1
15-05-2025 16:26,0,44.88,0,0.01,1438.17,4.49,0.73,330.39,59.07,0,,1
15-05-2025 16:27,46.33,38.66,3916.65,0.04,0,0,0.43,335.65,0,0.95,,1
15-05-2025 16:28,0.35,0,2013.12,0.03,626.99,2.78,0,82.15,42.69,0.53,,1
15-05-2025 16:29,0,0.81,0,0.01,3217.92,1.76,0,543.85,0,0.49,,1
15-05-2025 16:30,68.78,0,2800.31,0,11381.03,4.55,0,0,63.74,0,,1
15-05-2025 16:31,16.53,0,2422.77,0,340.59,0,0.24,46.11,49.73,0.88,,1
15-05-2025 16:32,13.55,57.82,0,0,7150.78,2.39,0.53,243.47,66.3,0,,1
15-05-2025 16:33,54.16,52.43,0,0,1851.06,1.13,0.1,75.75,0,0.27,,1
15-05-2025 16:34,0,106.26,342.8,0,0,0,0,105.25,4.53,0.2,,1
15-05-2025 16:35,27.83,96.72,5245.29,0,2401.19,5.37,0.02,175.53,0,0.68,,1
15-05-2025 16:36,0,148.83,3154.33,0.04,3701.59,0,0.17,192.48,0,0.98,,1
15-05-2025 16:37,0,0,2298.87,0.04,0,0,0.49,0,0,1.04,,1
15-05-2025 16:38,12.68,50.52,3545.13,0,6283.52,9.4,0.54,161.22,0,0.67,,1
15-05-2025 16:39,24.08,43.06,0,0.01,6992.07,0,0.17,199.82,0,1.01,,1
15-05-2025 16:40,8.61,135.85,0,0.02,0,0,0,0,0,0.43,,1
15-05-2025 16:41,45.39,29.47,1186.52,0.06,3196.28,0.89,0,308.17,34.99,0,,1
15-05-2025 16:42,44.25,18.41,2371.61,0.02,0,0,0.42,354.84,62.32,0.7,,1
15-05-2025 16:43,0,54.55,0,0,12965.62,2.84,0.45,59.62,31.21,0,,1
15-05-2025 16:44,27.29,0,1551.07,0.04,0,6.35,0,377.71,38.69,0.66,,1
15-05-2025 16:45,0,27.47,5504.09,0.01,4020.14,2.23,0,75.46,33.39,0.45,,1
15-05-2025 16:46,9.03,35.24,0,0,9622.64,0,0.23,359.49,67.64,0.5,,1
15-05-2025 16:47,17.53,88.36,4127.97,0,7278.88,0,0.05,0,22.01,0.85,,1
15-05-2025 16:48,44.33,69.01,1204.78,0,568.68,0.73,0,0,36.79,0.45,,1
15-05-2025 16:49,13.92,49.62,0,0.04,12806.52,0,0,201.85,36.31,0.39,,1
15-05-2025 16:50,0,22.4,0,0,4309.63,2.9,0.47,303.12,9.94,0.37,,1
15-05-2025 16:51,54.35,39.72,2225.14,0.03,2282.66,4.49,0.32,101.03,0,0,,1
15-05-2025 16:52,27.89,29.34,0,0.03,4873.06,0,0,3.39,0,0.93,,1
15-05-2025 16:53,35.5,0,0,0,6160.52,9.18,0.09,502.92,0,0.17,,1
15-05-2025 16:54,44.73,34.99,2456.19,0.01,0,9.41,0,679.97,18.9,0,,1
15-05-2025 16:55,0,3.42,3367.28,0,3884.65,0,0,23.69,80.09,0,,1
15-05-2025 16:56,94.9,87.76,0,0.04,5294.62,5.74,0.27,176.37,47.45,0.53,,1
15-05-2025 16:57,12.81,74.78,0,0.04,3495.74,15.28,0,0,77.15,0.03,,1
15-05-2025 16:58,0,0,1657.33,0.01,4298.43,4.14,0.32,173.66,0,0.5,,1
15-05-2025 16:59,10.86,75.99,0,0,5183.49,6.69,0,500.39,73.29,0,,1
15-05-2025 17:00,2.33,98.02,3654.29,0,6932.69,10.14,0.21,78.05,0,0.27,,1
15-05-2025 17:01,0,19.24,1639.46,0,4500.37,4.17,0,0,48.25,0,,1
15-05-2025 17:02,0,21.03,965.08,0.02,7476.39,4.62,0.1,38.74,6.56,0,,1
15-05-2025 17:03,0,66.42,0,0.01,0,2.59,0.25,415.02,0,0.76,,1
15-05-2025 17:04,90.34,78.5,0,0.02,10985.82,0,0,0,0,0,,1
15-05-2025 17:05,0,0,0,0.05,8648.54,0,0.8,198.3,0,0.44,,1
15-05-2025 17:06,0,20.58,1422.56,0.02,436.57,0,0.19,166.01,0,0.43,,1
15-05-2025 17:07,84.42,0,5275.07,0.08,0,2.84,0,0,0,0,,1
15-05-2025 17:08,81.36,37.45,0,0.07,7437.06,6.52,0,0,9.92,0.25,,1
15-05-2025 17:09,0,8.41,2164.43,0.03,2773.81,5.7,0,128.76,30.85,0.15,,1
15-05-2025 17:10,0,0,0,0.04,7955.28,5.36,0.17,274.78,40.4,0,,1
15-05-2025 17:11,25.83,0,846.82,0.01,0,3.17,0.56,682.64,54.21,0,,1
15-05-2025 17:12,0,88.39,1891.03,0,0,1.42,0,490.77,44.17,0.64,,1
15-05-2025 17:13,0,0.75,5584.12,0.06,0,5.72,0.33,0,47.5,0.83,,1
15-05-2025 17:14,52.85,90.12,0,0.01,6392.5,0,0.02,46.35,0,0,,1
15-05-2025 17:15,0,0,4335.79,0.03,1285.57,4.1,0.04,31.79,0,0.51,,1
15-05-2025 17:16,0,0,2245.68,0.02,0,3.42,0.34,84.55,29.34,0,,1
15-05-2025 17:17,0,47.14,0,0,2447.45,1.83,0.45,0,0,1.48,,1
15-05-2025 17:18,63.48,27.67,1812.53,0,835.35,2.69,0,0,0,0,,1
15-05-2025 17:19,56.17,119.96,3939.17,0,6140,0.43,0,245.74,0,0.47,,1
15-05-2025 17:20,16.15,56.64,4266.41,0,0,0,0.15,353.78,43.54,0.91,,1
15-05-2025 17:21,28.51,72.8,0,0,2606.3,0,0.06,174.44,65.01,0,,1
15-05-2025 17:22,3.49,36.21,2205.69,0,10860.4,0,0.39,0,6.99,0.53,,1
15-05-2025 17:23,20.79,0,0,0.04,0,0,0.08,100.71,36.86,0.42,,1
15-05-2025 17:24,79,0,5531.78,0,119.01,4.95,0,104.87,6.23,0.41,,1
15-05-2025 17:25,0,157.12,1668.94,0,2174.74,1.19,0.09,0,17.59,0,,1
15-05-2025 17:26,11.08,0,3190.08,0,525.39,0.71,0.65,0,0,0.79,,1
15-05-2025 17:27,9.9,0,0,0,3485.08,1.44,0.02,82.36,0,0,,1
15-05-2025 17:28,0,52,1572.88,0.06,1187.58,0,0.32,387.41,65.89,0.69,,1
15-05-2025 17:29,0,125.34,0,0.02,7414.03,0,0,109.25,38.82,0.48,,1
15-05-2025 17:30,3.71,3.37,6521.15,0,7852.91,7.45,0.01,0,43.05,0.76,,1
15-05-2025 17:31,0,0,0,0.05,11757.57,0,0,0,0,0,,1
15-05-2025 17:32,0,135.22,3401.1,0.03,2252.88,2.98,0,0,60.65,0.43,,1
15-05-2025 17:33,0,132.33,7247.04,0,15128.1,0,0.03,0,0,0,,1
15-05-2025 17:34,0,98.69,4214.6,0,0,5.59,0.19,518.86,18.94,0.09,,1
15-05-2025 17:35,0,98.94,0,0,837.22,0,0,510.74,0,0.36,,1
15-05-2025 17:36,0,72.78,0,0.03,6255.97,0,0.07,14.61,21.67,0,,1
15-05-2025 17:37,54.69,0.36,0,0.06,674.04,5.14,0.48,53.98,0,0,,1
15-05-2025 17:38,53.91,22.91,304.39,0,135.22,4.83,0.17,116.02,64.87,0.48,,1
15-05-2025 17:39,28.77,37.6,0,0.04,10532.57,1.48,0,0,41.4,0.07,,1
15-05-2025 17:40,0.11,21.3,0,0.01,3471.51,2.39,0.25,331.57,0,1.19,,1
15-05-2025 17:41,0,11.79,2076.92,0.01,0,7.32,0.25,97.48,33.21,0.43,,1
15-05-2025 17:42,0,185.33,1525.26,0,9288.23,0,0,605.23,32.69,0.64,,1
15-05-2025 17:43,0,1.51,0,0.01,7974.5,4.32,1.01,115.6,68.82,0.58,,1
15-05-2025 17:44,0,0,458.15,0,2049.87,0,0,240.79,0,1.51,,1
15-05-2025 17:45,74.58,37.52,542.29,0.04,0,0,0.15,302.21,30.31,0.68,,1
15-05-2025 17:46,101.86,67.6,0,0.03,4229.23,3.86,0,190.2,0,0.25,,1
15-05-2025 17:47,0,0,0,0.05,5134.85,0.54,0.56,141.44,44.34,0.93,,1
15-05-2025 17:48,0,20.45,0,0,0,2.05,0.2,479.76,12.33,0,,1
15-05-2025 17:49,14,92.44,0,0,1332.92,3.89,0.1,146.12,0,0.19,,1
15-05-2025 17:50,4.25,0,1980.89,0,3325.28,1.45,0.29,73.1,33.37,0.73,,1
15-05-2025 17:51,0,0,455.06,0.01,8901.87,0,0,343.58,43.47,0.04,,1
15-05-2025 17:52,3.46,0,0,0.04,0,0,0,245.25,4.46,0.75,,1
15-05-2025 17:53,4.28,165.06,0,0,7544.24,0,0.12,370.02,61.68,0,,1
15-05-2025 17:54,29.64,48.98,2081.2,0.06,6346.08,0,0,70.93,9.19,0,,1
15-05-2025 17:55,32.18,153.42,0,0.01,9165.49,8.99,0,162.11,66.52,0.18,,1
15-05-2025 17:56,25.64,71.67,4035.63,0,5721.81,5.1,0,94.28,30.66,0.65,,1
15-05-2025 17:57,55.45,44.95,0,0.03,7770.4,1.46,0.02,466.59,66.77,0,,1
15-05-2025 17:58,8.06,0,2586.91,0.03,1281.7,4.1,0.05,97.86,48.34,0,,1
15-05-2025 17:59,0,0,1355.08,0.04,1247.13,0.19,0.09,403.62,54.37,0,,1
15-05-2025 18:00,56.77,17.58,1113.28,0.03,0,0,0.24,26.98,45.6,0.36,,1
15-05-2025 18:01,8,125.2,0,0.03,3322,0,0.34,149.47,117.43,0.02,,1
15-05-2025 18:02,0,18.96,0,0.03,5879.69,4.16,0,289.11,29.21,2.07,,1
15-05-2025 18:03,54.98,0,0,0.01,3082.54,0,0,0,6.67,0,,1
15-05-2025 18:04,0,1.2,0,0.03,2515.19,4.33,0.39,90.81,0,1.08,,1
15-05-2025 18:05,32.79,0,1635.78,0,3264.75,5.85,0,87.86,75.1,0.44,,1
15-05-2025 18:06,40.23,3.65,0,0.02,4806.17,10.38,0,0,15.85,0.59,,1
15-05-2025 18:07,7.64,48.68,0,0.06,4142.77,0.83,0,0,32.78,0.7,,1
15-05-2025 15:00,73.4364424,6.746417614,2.818537864,0.008051624,15110.72401,10.61282122,0.609479852,6.391990574,451.1676106,7.975802249,,0
15-05-2025 15:01,82.30701051,9.622766825,5.779522123,0.016386052,13000,10.19580511,0.331499705,7.630924073,448.9775052,8.330703033,,0
15-05-2025 15:02,84.96008402,9.863295931,4.58478642,0.005512869,15522.46997,9.732210687,0.669467275,3.084877163,462.3312957,8.194621861,,0
15-05-2025 15:03,89.71026848,5.47897612,5.940758975,0.008322078,14506.07009,11.16474732,0.5308157,9.67617985,432.0915826,7.753547308,,0
15-05-2025 15:04,80.76959645,7.679640122,4.455799192,0.011008877,16861.61461,10.77746829,0.35789719,6.487591305,458.5117668,7.452167136,,0
15-05-2025 15:05,78.36787223,10.12621539,5.286131811,0.006677361,13184.48724,10.14894607,0.508551362,6.305346463,444.5592661,7.917838207,,0
15-05-2025 15:06,78.13840727,9.975886389,5.096111028,0.004598795,14728.87556,9.909108453,0.45777187,5.753793255,421.1352817,7.283284284,,0
15-05-2025 15:07,83.21912232,10.70813577,5.450795942,0.011511325,15578.91404,9.05157713,0.312510409,4.343706432,427.2238723,7,,0
15-05-2025 15:08,79.66759568,10.30064723,5.364569965,0.001932854,13436.84021,10.7148698,0.47772492,3.224836266,458.312392,8.144504334,,0
15-05-2025 15:09,75.10360033,9.514381736,4.289722131,0.012001909,16321.93998,8,0.663201518,4.269292998,457.0787444,7.440005754,,0
15-05-2025 15:10,80.06080309,7.84376019,6.172639853,0.014953758,13485.31196,8.159626273,0.537144502,5.322085262,434.9745541,8.209451561,,0
15-05-2025 15:11,83.69168474,12.56863897,4.666805814,0.010860808,13242.17255,9.978707601,0.488073424,9.283949892,443.4740626,7.606506854,,0
15-05-2025 15:12,87.60762906,11.67383999,8,0.012952745,16051.85749,10.03161528,0.45238177,4.190545263,433.9679399,7.874158937,,0
15-05-2025 15:13,76.78140855,9.232413143,4.737407843,0.016298897,15386.89474,10.34111273,0.612733325,2.307314742,462.0504974,7.929109108,,0
15-05-2025 15:14,76.43445733,11.67916564,8,0.002099468,13755.74587,11.45222363,0.570430363,4.616570812,451.5878363,8.433340224,,0
15-05-2025 15:15,84.41940952,7.509871924,6.802734898,0.010816589,14628.7737,9.947583342,0.450761425,5.845624023,456.2521871,7.848484245,,0
15-05-2025 15:16,76.24980286,12.33143291,6.790441506,0.017671339,14966.8763,10.36430033,0.555968033,4.129261339,458.2659056,7,,0
15-05-2025 15:17,79.91758921,15,7.557927338,0.001808886,13687.63692,11.12431823,0.608753152,5.248961474,449.9080036,8.294873111,,0
15-05-2025 15:18,73.77959184,11.37239043,4.848346598,0.015612002,15102.62332,12,0.398654133,3.578815998,462.8470944,7,,0
15-05-2025 15:19,77.9121198,8.629551647,3.924897308,0.011063575,15312.76124,10.36734147,0.557085847,2.672607877,467.7019778,7.958840834,,0
15-05-2025 15:20,79.92207402,7.824808016,3.643305643,0.007734067,16843.44231,10.03897659,0.459581487,4.187776417,456.8386061,8.812547102,,0
15-05-2025 15:21,78.09201505,11.03755196,5.525170347,0.02,15604.473,9.773796989,0.457731352,9.782199252,467.2818488,8.638938481,,0
15-05-2025 15:22,80.45004054,11.45077446,3.22445563,0.009872626,14995.63731,11.31558637,0.42430063,4.72886101,437.5030081,8.215612521,,0
15-05-2025 15:23,79.22655559,7.297708364,6.190971745,0.003071215,15862.97521,10.28767454,0.67048837,4.962666186,464.9977832,7.81578382,,0
15-05-2025 15:24,79.23136368,12.40898219,5.864475816,0.012397999,15911.35357,8.440945171,0.611969525,3.922094654,443.3609083,7.578595682,,0
15-05-2025 15:25,81.93037386,9.145672027,3.641932358,0.007800424,15008.69587,10.13388521,0.40296081,7.90484625,470.0196607,8.166190783,,0
15-05-2025 15:26,84.33512232,9.236319366,7.332799408,0.007952269,13996.92929,10.40658178,0.636787814,6.818535455,467.4257432,7.972641862,,0
15-05-2025 15:27,87.42116553,14.11131285,6.136466656,0.016743125,14551.72015,8.875689986,0.66467254,5.031376249,433.8653776,8.227535165,,0
15-05-2025 15:28,84.73814483,10.73008622,4.828392265,0.004201338,15006.16888,9.198022601,0.401350299,2.295151357,432.6069126,7.784388118,,0
15-05-2025 15:29,77.46615567,10.14606874,5.169748618,0.014827279,13395.3732,10.63767225,0.619972974,7.859512388,466.7979503,8.263019663,,0
15-05-2025 15:30,87.23408369,11.55865981,7.623470874,0.005358991,16848.71402,10.23302532,0.476288341,7.995755646,453.2278813,8.521630215,,0
15-05-2025 15:31,78.03883157,10.48228041,6.747570747,0.008697797,14854.30698,8.752878249,0.433985875,9.095041609,452.845949,8.434548274,,0
15-05-2025 15:32,77.8115156,10.36946333,2.838882471,0.00762014,14887.20909,10.35896548,0.419480209,3.80466524,470.8639257,8.169422587,,0
15-05-2025 15:33,82.40597919,11.96340049,7.056710965,0.00568936,15851.5426,9.49128894,0.410327782,1.956663573,444.9271401,8.768934609,,0
15-05-2025 15:34,79.03811983,10.22806681,4.587765434,0.011981482,13000,10.71455757,0.397517162,4.231315928,452.0069568,7.809217982,,0
15-05-2025 15:35,74.04868848,12.79672157,7.021244551,0.008926755,14565.82151,10.10037459,0.383463583,5.882728389,480,8.547292799,,0
15-05-2025 15:36,85.07475777,10.06548807,4.835664756,0.006762589,14701.71153,12,0.444069975,6.957806494,468.6849472,7.753599693,,0
15-05-2025 15:37,75.85275192,11.08191997,7.482628226,0.017141251,15803.94541,9.143564897,0.460088321,5.782134722,446.0890588,8.722770826,,0
15-05-2025 15:38,77.40716245,6.625855504,2.222501079,0.008876557,15721.62685,9.123659609,0.618493731,3.703209815,424.864551,7.626719951,,0
15-05-2025 15:39,84.42869554,9.76252735,6.66165081,0.02,15747.00659,8.850777639,0.412357623,7.145914202,443.5081028,8.389373559,,0
15-05-2025 15:40,80.54479214,13.46851075,6.360554924,0.018482268,14351.38979,8.382092978,0.396862158,6.220164753,460.9060792,7,,0
15-05-2025 15:41,90,5.910147648,5.56401862,0.012211383,13000,9.076290811,0.45756502,4.211385137,443.857049,8.061651027,,0
15-05-2025 15:42,76.86260641,7.821588627,8,0.011247065,13881.76408,10.59502082,0.527027306,9.214174216,420,8.049689326,,0
15-05-2025 15:43,71.76510572,10.78166458,6.116353568,0.009476783,16576.9374,8,0.528547932,3.943165437,434.8265295,7.93122742,,0
15-05-2025 15:44,80.03795779,8.060718961,5.908743918,0.0059557,16906.9386,8.85794015,0.571818233,5.953241224,442.7687658,7.031033346,,0
15-05-2025 15:45,90,13.54485002,2,0.012555009,13593.12929,8.346472353,0.343499466,3.940067749,479.4608901,7.929264021,,0
15-05-2025 15:46,80.72505787,7.177918714,7.413041958,0.011431276,15091.01878,9.618121788,0.580366266,4.329168758,447.1348138,7.214116013,,0
15-05-2025 15:47,81.60647506,12.87071906,6.130954149,0.013428578,14093.32981,10.09549421,0.401458013,3.388515073,448.7579305,7.984558143,,0
15-05-2025 15:48,83.22639705,8.824539778,2.56373891,0.008046397,15920.59231,10.57016548,0.394108014,4.679633714,452.1277855,7.069272229,,0
15-05-2025 15:49,71.85279082,11.12462021,6.315674415,0.008941518,13211.57603,9.269884785,0.302523958,4.097879241,453.6527572,8.586911952,,0
15-05-2025 16:00,85.49002258,9.390112509,3.20273459,0.007794206,16395.7403,10.59450642,0.702356362,1.201971683,469.5236601,7.663747435,,0
15-05-2025 16:01,86.7029,10.78777067,3.465133835,0.006314289,15655.75158,11.42677169,0.8,5.357950493,452.2186584,8.214214175,,0
15-05-2025 16:02,77.96231934,7.719628446,2.826730622,0.005045417,14300.4006,11.50232617,0.772006295,3.363309149,475.5256799,7.5,,0
15-05-2025 16:03,80.98023335,6.755212272,5.360309819,0.003133477,15977.30331,9.223195822,0.500403377,2.437125599,495.3280025,7.688901547,,0
15-05-2025 16:04,82.15121258,6.698896354,3.860053591,0.004148709,15313.27245,10.96837183,0.591815826,4.024986459,487.1421859,8.410701765,,0
15-05-2025 16:05,79.84603936,9.643065727,4.285644098,0.006613382,18000,14,0.479971831,7.241677363,437.0624341,8.350919324,,0
15-05-2025 16:06,83.97366404,9.607569686,2.35612272,0.002838745,14990.02315,10.83544223,0.513517431,0.88488001,477.6181356,8.297125065,,0
15-05-2025 16:07,79.20125796,10.72309521,3.239872284,0.002843352,16226.05537,9.139071767,0.486395566,3.128639885,500,8.266667371,,0
15-05-2025 16:08,86.3234227,8.36725697,4.26526746,0.004259387,16330.10143,11.91803701,0.489842159,5.205570896,500,7.925320329,,0
15-05-2025 16:09,87.74511432,9.867867335,4.524624969,0.005268481,15034.33469,11.77754392,0.601373417,2.20856248,420,8.756859351,,0
15-05-2025 16:10,88.25302568,7.487700089,4.985973632,0.005480764,15756.7455,9.80820866,0.536970264,5.530481716,491.3750289,8.822219267,,0
15-05-2025 16:11,82.75827729,11.33580065,4.26166763,0.005074166,16506.62546,12.4077901,0.472330248,6.387751729,461.7990032,8.053532572,,0
15-05-2025 16:12,85.54893346,12.42986167,1.4503532,0.001443171,16642.68326,11.43737227,0.659472159,2.91155864,420,7.74852196,,0
15-05-2025 16:13,87.57649944,10.30526914,4.01191219,0.006039806,15823.33805,12.5836698,0.588727894,2.295964233,442.5010573,8.256789313,,0
15-05-2025 16:14,82.54626031,8.696758886,3.919757882,0.009059217,16907.35345,12.8784821,0.614947606,7.053998387,485.3996778,8.500321198,,0
15-05-2025 16:15,79.46693447,9.365731624,6.246525698,0.003354321,16979.77843,10.38643162,0.550178034,3.106028034,500,7.905255782,,0
15-05-2025 16:16,86.37602006,7.693026195,3.885756223,0.008131601,15354.93469,9.088461483,0.689023583,6.005227636,445.2079012,8.033146009,,0
15-05-2025 16:17,92.81024253,4,3.485957788,0.005563334,16145.03063,10.30797855,0.738225083,6.022085299,484.2246509,8.35301641,,0
15-05-2025 16:18,86.10550516,7.38943398,3.842711701,0.008968103,15738.16134,12.07411876,0.476325629,0.851867894,496.4304139,7.967745116,,0
15-05-2025 16:19,83.45308596,9.559459801,2.796233157,0.007305926,15319.60135,10.74207558,0.539924194,3.008670501,430.5652847,8.508846375,,0
15-05-2025 16:20,88.68269275,9.723257542,4.375800264,0.00589121,14677.12116,8.606071292,0.713986023,2.289555576,457.7445163,8.282559424,,0
15-05-2025 16:21,84.86068459,8.328735846,3.496911819,0.00628658,17840.01425,8.837003181,0.452560909,5.424130366,500,8.041098566,,0
15-05-2025 16:22,79.27516751,9.098394682,1,0.01,17328.76738,12.85175142,0.433042059,6.636695673,428.4654117,8.134982656,,0
15-05-2025 16:23,86.02102486,10.40644567,4.997408538,0.005731573,16192.90948,11.02595942,0.589639395,4.477825602,446.0442849,8.070464618,,0
15-05-2025 16:24,84.9837085,8.474739391,7,0.005235147,16751.16034,12.73939144,0.636967812,2.058376887,494.7387844,8.604587253,,0
15-05-2025 16:25,84.47223075,10.10360424,4.483497333,0.007403465,17375.14558,10.83005748,0.526633733,5.710112061,460.5669294,8.776415354,,0
15-05-2025 16:26,85.65176435,7.14931816,2.47062244,0.004275837,15807.98049,11.64328629,0.62431101,2.100370878,497.7753835,8.20050669,,0
15-05-2025 16:27,79.43762118,6.597503789,5.831992851,0.003221297,15821.77289,10.51691128,0.605452167,3.831330743,464.959925,8.278224006,,0
15-05-2025 16:28,93.45680592,10.21293062,1.887664202,0.009120735,14564.86136,10.60055643,0.632790201,2.863522807,468.0521813,7.70759952,,0
15-05-2025 16:29,88.01022586,7.227696277,4.99562207,0.004804886,16917.07522,8,0.588090028,8,438.2132471,9,,0
15-05-2025 16:30,82.08359599,11.47012778,2.760493896,0.00408375,15226.20214,12.16915357,0.576613885,3.37690272,471.0069983,8.403250659,,0
15-05-2025 16:31,79.39481883,10.20050416,2.360504766,0.01,16691.29645,11.21069187,0.426336318,0.696652692,435.3192978,8.753840587,,0
15-05-2025 16:32,79.26424799,7.992220908,1.322447666,2.99E-05,16370.37351,10.58249625,0.661848271,4.252431337,466.2377825,7.775618744,,0
15-05-2025 16:33,78.84411623,14,3.508654209,0.005244031,16980.9963,11.44067865,0.627456788,3.629408395,445.8716808,8.121623648,,0
15-05-2025 16:34,90.00763843,7.764512845,1,0.008277329,15291.6664,12.37078645,0.555566914,1.961198383,487.7725857,7.733484124,,0
15-05-2025 16:35,86.57185892,11.51429191,5.250001645,0.001904451,15927.15579,11.3591158,0.588401939,2.08554486,437.1405411,8.270426411,,0
15-05-2025 16:36,83.0019815,11.11198646,2.861918003,0.004905375,18000,11.32823237,0.456259817,1.731461875,463.3342535,8.425034287,,0
15-05-2025 16:37,90.03022209,6.334047117,2.779916069,0.005655967,15062.02365,12.39510225,0.562653682,1.189226543,426.6455243,8.532094965,,0
15-05-2025 16:38,84.833509,9.536069518,6.679755854,0.008780793,15952.07505,11.04290684,0.474461497,3.914315325,445.2687818,8.523167042,,0
15-05-2025 16:39,82.15238033,6.583649236,4.372599995,0.01,15160.55785,8.299853217,0.416432616,3.194905675,464.8942707,8.498315171,,0
15-05-2025 16:40,83.6137818,14,4.337374314,0.006294915,18000,12.47716767,0.751098159,3.971655858,451.6117189,8.48844204,,0
15-05-2025 16:41,81.91031894,8.798891467,6.32593239,0.003760286,16860.18683,10.84103546,0.705839919,3.921718924,444.7202384,8.593707058,,0
15-05-2025 16:42,81.69563382,7.279565665,1.341056747,0.006786205,17371.40337,11.41622507,0.513219128,2.002148572,458.7874038,7.952299639,,0
15-05-2025 16:43,88.3986479,10.02701049,3.38940644,0.002582999,15494.43437,14,0.440067201,3.229569008,500,7.655041036,,0
15-05-2025 16:44,83.02599164,11.91297829,5.583272623,0.004578792,15543.92854,12.83166753,0.684749307,4.788593832,428.0445201,8.312318167,,0
15-05-2025 16:45,92.12090423,9.061176307,5.007156559,0.005449589,17388.64452,13.43447616,0.700431571,8,442.657402,8.14195262,,0
15-05-2025 16:46,87.64280926,10.13928395,7,0.002949169,13954.83505,12.61572214,0.661958402,5.691830009,488.9705137,7.777264439,,0
15-05-2025 16:47,87.824114,8.909379564,2.127296158,0.002463611,14115.14548,10.78612297,0.545707709,2.384969906,500,8.128659423,,0
15-05-2025 16:48,86.20725499,8.793744493,2.502786122,0.008443174,16661.08785,8.693234838,0.439277693,2.503086691,500,8.283346759,,0
15-05-2025 16:49,90.50978488,7.086771476,3.449436841,0.009773287,16554.70248,11.08722186,0.663285832,2.81476474,489.5956808,8.225910609,,0
15-05-2025 16:50,87.87290397,7.189174842,3.628913174,0.008245348,15457.68601,10.22039779,0.638678173,5.254740558,468.114559,8.810287169,,0
15-05-2025 16:51,83.27249907,9.563586138,3.243981114,0.007637826,16671.06269,9.180648214,0.593958092,2.064241185,469.6031025,8.269681687,,0
15-05-2025 16:52,91.40075149,10.08699793,3.339885089,0.005403898,14032.26054,11.46944321,0.574932943,5.528781254,422.007719,7.961503145,,0
15-05-2025 16:53,78.70608801,11.62791851,5.809115204,0.002233946,16527.50364,12.43687617,0.648106579,0.297963632,426.5285668,8.296439089,,0
15-05-2025 16:54,86.05729145,10.82369724,4.579375108,0.008432463,16577.1673,11.70505579,0.503184308,7.983990525,440.3763341,8.905469914,,0
15-05-2025 16:55,87.22451408,11.34215906,4.502060905,0.004470246,17217.8604,10.89625848,0.524940006,3.019242038,444.8406126,8.52651825,,0
15-05-2025 16:56,84.47338984,11.55519463,2.225339377,0.004092566,15172.79479,11.77792324,0.649281328,4.70399372,454.7432895,7.5,,0
15-05-2025 16:57,88.69100785,7.457980597,3.484256439,0.008730943,14873.15675,11.93833926,0.502455547,1.420835161,432.0926972,8.679613269,,0
15-05-2025 16:58,81.70028527,6.656865025,4.790141444,0.001300656,18000,9.571600773,0.688156918,7.742764997,487.731806,7.5,,0
15-05-2025 16:59,85.1618916,9.309681241,6.077250175,0.006318686,17258.97724,10.20788184,0.704346493,6.075480218,444.4954117,8.131780485,,0
15-05-2025 17:00,80.28967125,6.894781525,3.917620454,0.000483544,16203.62411,9.849789835,0.573790081,1.664819935,482.8025519,8.487985072,,0
15-05-2025 17:01,82.52795178,9.075194848,1,0.009038868,15258.39905,12.03226063,0.607705062,8,463.9529747,8.414787397,,0
15-05-2025 17:02,86.18499525,11.00198806,3.379143637,0.009805075,17061.20256,10.10514313,0.657962669,8,461.414692,7.918693489,,0
15-05-2025 17:03,82.03650482,7.701568164,3.305935885,0.001833735,14288.86729,9.921615693,0.61467804,1.10133332,461.0917894,7.953438507,,0
15-05-2025 17:04,85.61355976,13.33838833,3.41787091,0.002923907,15949.76447,12.6649261,0.606703271,4.065704116,481.8468725,8.295601132,,0
15-05-2025 17:05,82.41592766,10.08683551,1,0.003716524,16188.67759,11.19842531,0.490615886,3.105903077,475.2220167,7.882071895,,0
15-05-2025 17:06,81.94801459,8.349907813,2.86756254,0.004863271,14364.08506,8.605951755,0.540751371,2.762781658,465.7972808,7.992820358,,0
15-05-2025 17:07,89.87418653,9.838814075,2.220610904,0.004476041,16553.38567,9.93213723,0.772129369,3.761874176,422.1971013,8.172287985,,0
15-05-2025 17:08,84.88541118,5.753097617,3.618916196,0.005996701,15055.4845,11.30686351,0.4,6.316715936,473.8963958,8.446725545,,0
15-05-2025 17:09,84.43132613,7.395473945,4.33267653,0.004698207,14628.90699,12.00521811,0.591430675,1.780846723,467.3483151,8.193150824,,0
15-05-2025 17:10,91.89567236,7.318787827,5.378851182,0.003361181,16166.12736,11.90489401,0.451617562,6.421303042,420,7.887327939,,0
15-05-2025 17:11,86.36920427,6.343418078,5.564034794,0,17618.74425,10.97516109,0.612068316,1.391513401,473.0004396,7.523826577,,0
15-05-2025 17:12,90.68554548,6.395016697,2.659434086,0.004343091,14175.42473,10.90925511,0.70581919,4.755653245,472.383688,7.807977216,,0
15-05-2025 17:13,81.81178563,7.885259887,4.190905439,0.006405136,17197.04396,8,0.592079851,2.518546896,428.5602265,8.905006247,,0
15-05-2025 17:14,88.20175949,4.808994622,5.826659768,0.003140511,16999.61591,8.471901,0.644185736,1.824566763,434.3490295,8.192863032,,0
15-05-2025 17:15,83.1765785,13.06622492,4.358817182,0.004576166,15590.58665,11.81594735,0.665865508,6.516175128,434.7239067,8.284622783,,0
15-05-2025 17:16,84.71392445,10.01809419,1.952035804,0.000951236,16422.62939,9.626520605,0.546840153,2.89726828,468.0955857,7.5,,0
15-05-2025 17:17,93.61761857,6.573870393,4.847850935,0.01,15842.95819,8.31380846,0.60633511,2.852910259,500,7.954285503,,0
15-05-2025 17:18,81.11336827,7.030130075,3.860664713,0.003046246,16510.47213,8,0.66764119,1.784512492,481.5346378,8.288578486,,0
15-05-2025 17:19,77.77268655,8.385088939,3.142057203,0.01,14618.76078,9.521489302,0.445992015,4.797833396,483.586014,7.682314831,,0
15-05-2025 17:20,86.57779751,8.603846473,4.308343469,0.005592693,13548.53836,11.53074148,0.748171807,7.907429946,472.5417933,8.579868606,,0
15-05-2025 17:21,81.18099959,8.725116798,3.570202286,0.001919818,15606.18031,12.29506864,0.478265443,4.922931365,456.4972705,7.876547627,,0
15-05-2025 17:22,85.47991337,8.210553223,1.871479289,0.001556629,16477.81277,13.63563869,0.76823047,4.966906356,478.3696479,7.5,,0
15-05-2025 17:23,85.85213871,7.800765938,5.527184439,0.006739871,17717.05433,10.88988525,0.4,3.056861047,451.3512421,7.5,,0
15-05-2025 17:24,82.30366491,10.43756016,1.761351175,0.007522694,15943.79601,10.20577712,0.548035623,5.039473424,420,7.760502065,,0
15-05-2025 17:25,87.89800389,10.15760597,5.085691267,0.005139045,16669.09233,8,0.679707929,3.018100265,443.3895249,7.889914982,,0
15-05-2025 17:26,83.48126305,8.080006551,4.406196171,0.00760098,13594.49994,12.03632909,0.681270647,6.026374349,442.2682657,8.204329288,,0
15-05-2025 17:27,87.18753204,13.25480827,3.113911641,0.002855508,14846.79933,9.40558694,0.652319313,2.497687626,457.0207401,8.744228989,,0
15-05-2025 17:28,83.61108177,5.646021972,5.956340586,0.008662676,15204.4801,10.99575756,0.487032815,2.717152778,471.0817089,8.465406496,,0
15-05-2025 17:29,90.11362828,7.73908357,5.568577675,0.004138376,13138.40733,9.146536191,0.76321589,7.504255221,453.2386837,7.859131842,,0
15-05-2025 17:30,85.54816358,11.25604951,4.000386035,0.00243501,16474.92706,10.74901962,0.610987931,7.392436387,455.0016742,7.826779163,,0
15-05-2025 17:31,84.73174412,7.867078857,5.593227906,0.002628283,16177.2758,10.68459307,0.733430803,0.840340787,436.573785,7.821324883,,0
15-05-2025 17:32,86.94568711,9.425409571,3.099388858,0.006082889,15134.55666,9.494545007,0.438069011,2.145845785,421.1900852,8.376838832,,0
15-05-2025 17:33,81.00040381,7.663737648,2.834277097,0.00500487,15554.06754,11.3084249,0.751306185,1.371989121,429.5165055,8.445484742,,0
15-05-2025 17:34,83.04895827,8.009469322,1.941158951,0.003992962,14549.60344,9.508727417,0.576246739,4.264637637,484.3005106,7.78815313,,0
15-05-2025 17:35,85.76313021,9.521167542,4.144286414,0.002784699,15319.95707,12.97390042,0.517685801,0,430.186039,7.820707069,,0
15-05-2025 17:36,77.87798509,9.745616794,5.255193416,0.006259553,16604.45731,10.93520403,0.554013306,1.640576768,456.4496868,7.757529224,,0
15-05-2025 17:37,85.88091032,7.697159155,4.240847431,0.004164765,17824.97022,10.3284791,0.550488475,3.851886459,497.5759579,8.056321942,,0
15-05-2025 17:38,92.1369366,7.858732595,6.402067541,0.001589287,15911.54991,12.2096007,0.617894709,4.721943798,500,7.791453373,,0
15-05-2025 17:39,82.02368867,6.560678148,3.094967289,0.01,14826.55848,9.478664931,0.691601708,4.392839164,480.1330948,8.228796847,,0
15-05-2025 17:40,85.50389686,9.148358964,4.551917617,0.005324932,16168.55356,13.34396186,0.623778864,3.371068251,452.042963,8.540030209,,0
15-05-2025 17:41,81.1123323,6.806081558,3.866537103,0.00052913,16830.35209,14,0.427057471,3.127385244,443.2564453,8.283905241,,0
15-05-2025 17:42,88.95927865,9.663430397,4.084348355,0.005993702,17254.52176,9.898263086,0.630629258,6.572228944,420,7.780355788,,0
15-05-2025 17:43,87.3726228,10.52097493,3.369014145,0.000670714,15070.01003,12.80433605,0.571191557,5.009291727,425.2132421,7.867665319,,0
15-05-2025 17:44,78.75742048,8.332379614,3.01606927,0.008443525,17036.09983,9.252865439,0.550004701,3.34311873,444.7893047,7.963977849,,0
15-05-2025 17:45,83.68877359,9.686550572,1.829148837,0.005647465,16419.85764,12.87928353,0.515841049,5.978557215,438.837756,7.771460763,,0
15-05-2025 17:46,88.02030264,10.71976094,4.844322069,0.004997848,15668.58867,12.17634439,0.8,1.783331873,491.0112445,8.29731762,,0
15-05-2025 17:47,82.14769772,7.997658653,4.070318599,0.002535361,16513.75768,11.5743041,0.72554254,1.896344102,466.0266989,7.685815024,,0
15-05-2025 17:48,84.32725033,10.4514231,6.116665064,0.004155455,16797.89126,11.15151329,0.462827636,3.126910635,425.3445838,8.510648706,,0
15-05-2025 17:49,81.34173398,7.245132856,2.967870481,0.004575857,15961.21721,10.31025634,0.582976349,5.299302563,427.9774608,7.746709509,,0
15-05-2025 17:50,87.90649545,11.01459973,5.431816593,0,14348.75671,10.67492333,0.621913107,4.841354764,500,8.371013979,,0
15-05-2025 17:51,85.24801717,5.928335876,5.849819902,0.009338842,16989.90776,9.975770976,0.581645801,1.993640234,496.5913108,8.491810357,,0
15-05-2025 17:52,79.38892476,11.36170212,5.349658191,0.007153707,16394.24999,10.47254557,0.561033641,5.608542314,423.2495737,7.672196155,,0
15-05-2025 17:53,82.82091604,9.913481317,3.729114475,0.005280772,17122.9462,10.64545451,0.650528425,3.891559158,448.4011042,8.977382917,,0
15-05-2025 17:54,89.00847332,10.20864739,3.853145233,0.001254716,15454.59389,10.88677965,0.623455548,5.022571052,441.531725,7.818048646,,0
15-05-2025 17:55,83.98158896,9.058255137,4.05908754,0.006063781,16140.85312,10.06006211,0.695632723,3.350689915,480.1774889,7.938296707,,0
15-05-2025 17:56,90.70780455,7.079212551,4.467886165,0.006591761,16159.25993,10.97760026,0.540249109,3.205793961,420,8.110117545,,0
15-05-2025 17:57,86.25672147,8.845181464,2.721637705,0.005535684,15559.73174,12.2105421,0.580429076,3.802047583,479.501071,8.440152947,,0
15-05-2025 17:58,92.24021819,10.90286501,3.105520997,0.00524368,17541.87868,10.93089021,0.484334124,4.031418034,420,8.155279698,,0
15-05-2025 17:59,83.99889558,6.102804139,5.493207406,0.005440078,15641.29869,11.10554005,0.727988264,4.078343243,480.8347972,7.901507924,,0
15-05-2025 18:00,77.11905894,8.81370293,3.750222272,0.002018889,13767.60374,10.49058681,0.695765944,2.910570063,463.4654941,8.883745158,,0
15-05-2025 18:01,81.6676009,10.57526478,6.53260736,0.006825769,17503.0535,12.01552462,0.612814433,0,473.9946706,9,,0
15-05-2025 18:02,84.75727137,8.924655802,5.982126175,0.005348988,15984.2138,11.97486835,0.591206094,3.829364261,446.7752813,7.65151373,,0
15-05-2025 18:03,84.69988844,7.840021123,4.817234571,0.002980263,16999.17557,11.57086841,0.683836313,4.965813138,431.4453983,8.694107983,,0
15-05-2025 18:04,83.01585114,7.443753196,2.081964426,0.006924014,18000,12.41500865,0.734740681,3.326011094,440.3884805,8.518101038,,0
15-05-2025 18:05,88.44544703,10.28283619,3.156730112,0.006026197,18000,12.32294282,0.704493046,3.811495194,465.0295162,8.193414354,,0
15-05-2025 18:06,78.44384529,10.5089078,5.178340443,0,14417.53861,11.38161266,0.626993126,6.805489812,469.552143,8.776129952,,0
15-05-2025 18:07,83.03450048,11.73381804,5.539544174,0.01,17242.82928,10.48674687,0.511114815,7.624783006,440.6928221,8.57855489,,0
15-05-2025 18:08,91.97680418,7.516966681,2.707722111,0.009308058,16999.63737,8.900142958,0.651870963,2.956802826,420,8.843014752,,0
15-05-2025 18:09,84.52807093,10.22450242,4.840111055,0.003799873,14612.60767,11.65882691,0.711277929,3.861403657,462.8661124,7.825067026,,0
15-05-2025 18:10,85.02302953,10.01084951,4.456567787,0,16706.73699,8,0.543674244,4.960135086,491.3901429,7.785973956,,0
15-05-2025 18:11,83.18343346,9.996553818,4.147680592,0.008906727,15124.59555,9.574218837,0.62455993,5.131859489,486.2363202,8.770571804,,0
15-05-2025 18:12,82.86122058,7.825558075,6.620778358,0,16306.27334,12.01439023,0.628197064,4.358991174,458.8001162,8.391117474,,0
15-05-2025 18:13,84.60554575,11.89996991,7,0.005001431,17350.3368,12.84030128,0.455971286,5.344882985,456.5680684,8.583223253,,0
15-05-2025 18:14,84.26788845,8.596288014,5.125746598,0.006654753,15069.46743,8.092520862,0.657652741,8,436.4721666,7.798763726,,0
15-05-2025 18:15,84.43226228,12.16482449,2.908596407,0.001418453,13222.6512,11.61629557,0.594500921,2.011136028,469.5865183,8.36861558,,0
15-05-2025 18:16,77.16277604,9.679885304,3.531832485,0.004600629,15153.06794,8.803835986,0.510922963,3.126384691,478.433419,8.348605962,,0
15-05-2025 18:17,87.66066348,9.724062582,3.867986908,0.001716885,17215.72239,9.7146697,0.565693382,1.161253579,480.7541596,7.997802414,,0
15-05-2025 18:18,81.66591974,8.082188238,6.870285568,0.007012832,16783.66452,12.16039291,0.495595344,6.656887833,435.3133982,8.342204363,,0
15-05-2025 18:19,87.06235597,7.611815233,3.073161391,0.006044641,15066.7867,11.56547237,0.512533889,6.12932204,464.5330153,8.265793265,,0
15-05-2025 18:20,83.21839394,7.610400617,4.367465976,0.002092764,16289.51306,8.734504506,0.4,2.195176423,431.1488546,8.526303829,,0
15-05-2025 18:21,89.99192483,11.0001974,4.033478653,0.004555131,15977.31152,11.4451991,0.653157702,7.137755107,455.488236,8.629165014,,0
15-05-2025 18:22,86.55042352,8.644163011,2.683911147,0.007685302,15196.90851,10.72143901,0.572658146,6.232730406,500,8.100083177,,0
15-05-2025 18:23,82.26444918,7.532296617,4.287276224,0.004847598,15397.94414,9.593651633,0.578845934,4.277075566,458.0704019,8.402835277,,0
15-05-2025 18:24,86.87704622,9.160858131,2.940902012,0.007796636,16351.46497,10.61345377,0.678874344,7.375597673,455.2258992,8.05309222,,0
15-05-2025 18:25,85.28973612,7.485207589,5.160842327,0.003845918,16638.36306,9.875426931,0.51662584,3.416239835,440.3080078,8.288116523,,0
15-05-2025 18:26,89.33514799,11.76887371,4.571653519,0.005416149,17372.74931,11.23100279,0.714300529,5.539451266,445.5564899,7.5,,0
15-05-2025 18:27,85.00390598,10.60807459,4.57566537,0.00568154,14975.97581,10.44128812,0.609007108,4.270271624,472.4565778,7.945109867,,0
15-05-2025 18:28,85.45645265,10.72132673,3.483800948,0.006773793,15933.64683,12.70440728,0.54361058,2.375643123,450.315973,7.5,,0
15-05-2025 18:29,85.74742538,7.041179273,3.093138237,0.007799521,17709.87115,11.51346042,0.573227238,3.167453696,467.4559895,8.534226829,,0
15-05-2025 18:30,95,11.75053311,5.234953861,0.000600317,17550.98205,10.8611044,0.590825072,3.229503732,481.9020958,8.525768844,,0
15-05-2025 18:40,82.40888871,8.401726789,6.795852847,0.002045459,16545.16767,11.74161847,0.658633544,2.891641536,440.1297948,8.177021817,,0
15-05-2025 18:32,78.37755491,10.38324004,3.08794563,0,15967.93596,9.942380394,0.568378727,4.081495391,478.781806,8.179817477,,0
15-05-2025 18:33,80.55557116,9.308420475,3.626202859,0.004468117,16498.09624,9.947564631,0.8,0,438.9499949,7.5,,0
15-05-2025 18:34,80.62657372,9.569201618,3.973841742,0.001803115,15539.73699,8.653039311,0.696772685,5.812407066,500,7.536885015,,0
15-05-2025 18:35,92.61808617,9.6737713,3.407012256,0.006139853,16220.72755,11.48329587,0.619118939,2.771418999,500,8.393414496,,0
15-05-2025 18:36,83.19965531,10.70227802,2.996806934,0.005596329,17398.47497,11.24349197,0.569427223,3.291292084,500,8.539244502,,0
15-05-2025 18:37,90.74129536,6.882907928,2.140512169,0.003932865,16808.38466,9.914431331,0.578701599,5.972609645,479.501703,8.109654093,,0
15-05-2025 18:38,80.01489364,9.519324434,3.989737991,0.007591069,14070.38308,12.59591952,0.450565499,4.542646659,453.6749587,8.766631077,,0
15-05-2025 18:39,79.04379289,9.336576604,5.264079926,0.00291264,18000,12.89092738,0.492513438,6.735541442,476.8874619,8.402763367,,0
15-05-2025 14:34,76.95993296,8.294182791,6.389144215,0.001919609,18000,11.18857706,0.71887999,2.378250941,474.3055076,7.921899065,,0
15-05-2025 18:41,80.26652564,8.393681267,6.900998378,0.002819322,16389.23745,12.98256519,0.584803352,5.09224208,470.1997802,8.401209191,,0
15-05-2025 18:42,82.31142944,8.839121456,6.253367405,0.00561194,15468.17176,9.564600641,0.539419679,2.412552209,435.6180348,8.190770038,,0
15-05-2025 18:43,75.21494681,10.18412792,4.04416669,0.000372,15573.36991,12.57601733,0.616249972,1.549909288,454.6413159,7.60278571,,0
15-05-2025 18:44,88.33113899,8.416776175,1.614953637,0.009757021,14638.28114,9.942404211,0.636038502,3.592947879,464.788239,8.019480451,,0
15-05-2025 18:45,89.8647335,14,4.086127571,0.00789906,15241.48525,14,0.729716117,5.158708906,420,7.95828537,,0
15-05-2025 18:46,85.97868668,5.307514395,5.594553195,0.003702133,15377.79992,11.6713427,0.637700479,6.098388146,473.4826374,8.441078264,,0
15-05-2025 18:47,85.88428183,8.292719751,3.064491183,0.005270555,15765.8638,10.77844792,0.784156359,6.605319442,449.1465668,9,,0
15-05-2025 18:48,85.51239159,12.37968461,4.929364645,0.002817936,15822.80951,10.451526,0.499667738,3.405941748,432.2694174,8.716089624,,0
15-05-2025 19:19,89.47383865,5.392915511,5.93498462,0.002135683,16169.31144,11.11693821,0.4,6.734806888,489.3665932,8.719086472,,1
15-05-2025 14:34,14,145.88,710.2,0,7061.630342,14,0,0.63,14,0.23,,1
15-05-2025 14:35,0,0,0,0,4012.712111,3,0,0,0,0,,1
15-05-2025 14:36,6,112.45,14835.5,0,7599.889931,5,0,8.72,6,0.1,,1
15-05-2025 14:37,10,119.48,8748.5,0.1,5990.561568,6,2,0.01,10,0.17,,1
15-05-2025 14:38,71,116.55,629.22,0.028,6053.622088,11,1,2.77,71,1.18,,1
15-05-2025 14:39,53,121.77,1855.45,0.038,9545.024591,15,1,7.85,53,0.88,,1
15-05-2025 14:40,44,131.76,1493.68,0,5137.136089,6,0,0.7,44,0.73,,1
15-05-2025 14:41,46,166.44,1561,0.109,11235.25316,12,1,3.91,46,0.77,,1
15-05-2025 14:42,94,103.45,647.11,0,2692.330378,3,0,40.28,94,1.57,,1
15-05-2025 14:43,81,136.79,650.82,0,511.045633,1,0,1.46,81,1.35,,1
15-05-2025 14:44,109,116.1,474.89,0.037,2465.190311,3,0,40.6,109,1.82,,1
15-05-2025 14:45,95,110.46,559.11,0.137,4104.790348,5,0,22.7,95,1.58,,1
15-05-2025 14:46,96,110.16,570.42,0.042,1765.278577,0,0,45.33,96,1.6,,1
15-05-2025 14:47,106,126.51,449.84,0.151,446.1003437,2,0,1.73,106,1.77,,1
,,,,,,,,,,,,
,,,,,,,,,,,,
,,,,,,,,,,,,
,,,,,,,,,,,,
,,,,,,,,,,,,
,,,,,,,,,,,,
,,,,,,,,,,,,
,,,,,,,,,,,,
,,,,,,,,,,,,
,,,,,,,,,,,,
,,,,,,,,,,,,
,,,,,,,,,,,,
,,,,,,,,,,,,
,,,,,,,,,,,,
,,,,,,,,,,,,
